sequence,mutation_rate
seq1,0.0
seq2,0.01282051282051282
seq3,0.01282051282051282
seq4,0.02564102564102564
